,Normal,Suspect,Pathological,accuracy,macro avg,weighted avg
precision,0.938953488372093,0.9056603773584906,0.9310344827586207,0.9342723004694836,0.925216116163068,0.9330442401829943
recall,0.99079754601227,0.7058823529411765,0.84375,0.9342723004694836,0.8468099663178155,0.9342723004694836
f1-score,0.964179104477612,0.7933884297520662,0.8852459016393444,0.9342723004694836,0.8809378119563408,0.9309874885805188
support,326.0,68.0,32.0,0.9342723004694836,426.0,426.0
